{
	"$schema": "https://raw.githubusercontent.com/martinring/tmlanguage/master/tmlanguage.json",
	"name": "quick",
	"patterns": [
		{"include": "#varLang"},
		{"include": "#keywords"},
		{"include": "#strings"},
		{"include": "#template"}, 
		{"include": "#constant-1"},
		{"include": "#func-1"},
		{"include": "#commentLine"},
		{"include": "#commentx"},
		{"include": "#commentMulti"},
		{"include": "#keywordOp"}
		
	],
	"repository": {
		"varLang": {
			"name": "variable.language.quick",
			"match": "\\b(_qk|fargs|sys|pg|key24|mv|ob|fmt|async|xml|httpPost|openBrowser|newDate1|key32|sqlserver|mailer|fappend|fprops|deaes|cmdArgs|sqlite|cost|key16|xlsx|fbs|echo|pwd|newLock|fstr|abs|number|htmlParser|println|printf|newBytes|interval|md5|sync|regexp|httpServer|uuid|mkdir|randomRange|mime|blockList|round|parseDate|setenv|aesDecrypt|routineNum|echof|fopen|nanosecond|envs|gzipDecode|fsv|qkDir|allfns|sqrt|now|ls|fsave|cp|sleep|random|fix|pow|home|env|newXlsx|aes|base64|uuidRaw|cd|root|newbs|cpuNum|print|aesEncrypt|debase64|base64Encode|delay|mysql|fscan|gzipEncode|newDate|rm|timestamp|setpwd|httpHead|fjson|fdir|fbytes|base64Decode|oracle|httpGet|degzip|xls|cron|flines|fsize|cmd|gzip)\\b"
		},
		"keywords": {
			"patterns": [{
				"name": "keyword.control.quick",
				"match": "\\b(if|elif|else|var|for|foreach|forv|fori|break|continue|return|true|false|null|[$])\\b"
			}]
		},
		"strings": {
			"name": "string.quoted.double.quick",
			"begin": "\"",
			"end": "\"",
			"patterns": [
				{
					"name": "constant.character.escape.quick",
					"match": "\\\\."
				}
			]
		},
		"template": {
			"name": "string.interpolated.quick",
			"begin": "`",
			"end": "`",
			"patterns": [
				{
					"name": "constant.character.escape.quick",
					"match": "\\\\`"
				}
			]
		},
		"constant-1": {
			"name": "constant.numeric",
			"match": "\\b(\\d+|\\d+\\.\\d+)\\b"
		},
		"func-1": {
			"name": "entity.name.function",
			"match": "\\b(\\w+)\\("
		},
		"commentLine": {
			"name": "comment.line.double-slash",
			"begin": "//",
			"end": "\\n"
		},
		"commentx": {
			"name": "comment.line.number-sign",
			"begin": "#",
			"end": "\\n"
		},
		"commentMulti": {
			"name": "comment.block.documentation.quick",
			"begin": "/\\*",
			"end": "\\*/"
		},
		"keywordOp": {
			"name": "keyword.operator.quick",
			"match": "[$]"
		}
	},
	"scopeName": "source.qk"
}
